raw_city,canonical_city
1251 Adela Hills Dr,
29401,Downtown Charleston
29403,CHARLESTON_NEEDS_ZIP
29407,West Ashley
29412,James Island
29414,West Ashley
29449,Hollywood
29455mrschriski@icloud.com,
29488,Walterboro
29492,Daniel Island
4195 Maybank Highway,
50 Eastlake Rd,
Adams Run,Adams Run
Avondale,West Ashley
Awendaw,Awendaw
Beaufort,Beaufort
Bluffton,Bluffton
Blufton,Bluffton
"Blvd Isle of Palms,",Isle of Palms
Blythwood SC,Blythewood
Bono (monks corner),Moncks Corner
CHARLESTON,CHARLESTON_NEEDS_ZIP
Cassique,
Chareleston,CHARLESTON_NEEDS_ZIP
Charlesto,CHARLESTON_NEEDS_ZIP
Charleston,CHARLESTON_NEEDS_ZIP
Charleston - HWY 61,CHARLESTON_NEEDS_ZIP
Charleston Downtown,Downtown Charleston
Charleston SC,CHARLESTON_NEEDS_ZIP
Charleston SC 29407,West Ashley
"Charleston,",CHARLESTON_NEEDS_ZIP
"Charleston, 29403",CHARLESTON_NEEDS_ZIP
"Charleston, 29412",James Island
"Charleston, Downtown",Downtown Charleston
"Charleston, James Island",James Island
"Charleston, SC",CHARLESTON_NEEDS_ZIP
"Charleston, SC 29401",Downtown Charleston
"Charleston, SC 29403",CHARLESTON_NEEDS_ZIP
"Charleston, SC 29405",North Charleston
"Charleston, SC 29407",West Ashley
"Charleston, SC 29412",James Island
"Charleston, SC 29414",West Ashley
"Charleston, Sc 29412",James Island
Charlestone,CHARLESTON_NEEDS_ZIP
Charlestown,CHARLESTON_NEEDS_ZIP
Cottageville,Cottageville
"Ct Seabrook Island, SC 29455",Seabrook Island
DT,Downtown Charleston
Daniel I sland,Daniel Island
Daniel Island,Daniel Island
"Daniel Island,",Daniel Island
"Daniel Island, SC",Daniel Island
Daniel island,Daniel Island
Daniels Island,Daniel Island
Dewees Island,Dewees Island
Downtown,Downtown Charleston
Downtown Charleston,Downtown Charleston
Downtown charleston,Downtown Charleston
Dowwtown,Downtown Charleston
Dunes West,Mount Pleasant
Edisto,Edisto Island
Edisto  Island,Edisto Island
Edisto Beach,Edisto Island
"Edisto Beach, SC",Edisto Island
"Edisto Beach, SC 29438 USA",Edisto Island
Edisto ISland,Edisto Island
Edisto Island,Edisto Island
"Edisto Island,",Edisto Island
"Edisto Island, SC 29438",Edisto Island
Edisto island,Edisto Island
"Edisto island,",Edisto Island
Eutawville,Eutawville
Fairfax,Fairfax
Fayeheville,Fayeheville
Folly Beach,James Island
Folly beach,James Island
GOOSE CREEK,Goose Creek
Georgetown,Georgetown
Gooose Creek,Goose Creek
Goose Creek,Goose Creek
"Goose Creek,",Goose Creek
"Goose Creek, SC 29445",Goose Creek
Goose Greek,Goose Creek
Goose creek,Goose Creek
Goose greec,Goose Creek
Goose greek,Goose Creek
Green Pond,Green Pond
"Green Pond,",Green Pond
Greensboro,Greensboro
Hanahan,Hanahan
Hannahan,Hanahan
Harleyville,Harleyville
Hilton Head,Hilton Head Island
Hilton Head Island,Hilton Head Island
Hilton head,Hilton Head Island
Holly wood,Hollywood
Hollywood,Hollywood
"Hollywood,",Hollywood
"Hollywood, SC",Hollywood
"Hollywood, SC 29449",Hollywood
Holywood,Hollywood
Huger,Huger
IOP,Isle of Palms
ISLE OF PALMS,Isle of Palms
Islandton,Islandton
Isle Of Palms,Isle of Palms
Isle of  Palms,Isle of Palms
Isle of Palms,Isle of Palms
"Isle of Palms,",Isle of Palms
Isle of palms,Isle of Palms
Islington,Islington
JOHNS ISLAND,Johns Island
James Island,James Island
James Islans,James Island
James island,James Island
Jamestown,Jamestown
John Islan,Johns Island
John Island,Johns Island
John Island.,Johns Island
John's Island,Johns Island
John's island,Johns Island
Johns  Island,Johns Island
Johns ISLAND,Johns Island
Johns Island,Johns Island
"Johns Island,",Johns Island
"Johns Island, SC",Johns Island
"Johns Island, SC 29455",Johns Island
Johns Islasnd,Johns Island
Johns Islnd,Johns Island
Johns island,Johns Island
John~s Island,Johns Island
KIAWAH ISLAND,Kiawah Island
"KIAWAH ISLAND,",Kiawah Island
KIawah,Kiawah Island
Kiawah,Kiawah Island
Kiawah Cassique,Kiawah Island
Kiawah Dolphin,Kiawah Island
Kiawah Island,Kiawah Island
"Kiawah Island,",Kiawah Island
Kiawah Resort,Kiawah Island
Kiawah island,Kiawah Island
Kiawaha,Kiawah Island
Ladson,Ladson
MP,Mount Pleasant
MT Pleasant,Mount Pleasant
MT. PLEASANT,Mount Pleasant
MTP,Mount Pleasant
Maggett,Meggett
McClellanville,Mcclellanville
Megget,Meggett
Meggett,Meggett
"Meggett,",Meggett
Moncks Corner,Moncks Corner
Monks Corner,Moncks Corner
Mont Pleasant (ION),Mount Pleasant
Mount P leasant,Mount Pleasant
Mount Pleasant,Mount Pleasant
Mount Pleasant (Awendaw),Mount Pleasant
"Mount Pleasant,",Mount Pleasant
"Mount Pleasant, SC",Mount Pleasant
"Mount Pleasant, SC 29464",Mount Pleasant
Mount Pleasent,Mount Pleasant
Mount pleasant,Mount Pleasant
Mt  Pleasant,Mount Pleasant
Mt Pleasant,Mount Pleasant
"Mt Pleasant,",Mount Pleasant
"Mt Pleasant, SC",Mount Pleasant
"Mt Pleasant, SC 29464",Mount Pleasant
"Mt Pleasant, SC 29466",Mount Pleasant
Mt Plesant,Mount Pleasant
Mt pl,Mount Pleasant
Mt pleasant,Mount Pleasant
Mt. P,Mount Pleasant
Mt. Pleasant,Mount Pleasant
"Mt. Pleasant,",Mount Pleasant
"Mt. Pleasant, SC 29466",Mount Pleasant
Mt. Pleasnt,Mount Pleasant
Mt.P,Mount Pleasant
Mt.Pleasant,Mount Pleasant
Mt.pleasant,Mount Pleasant
MtP,Mount Pleasant
Myrtle Beach,Myrtle Beach
N Charleston,North Charleston
N Charlestone,North Charleston
Nexton,Summerville
North CharLeston,North Charleston
North Charlestom,North Charleston
North Charleston,North Charleston
North Charleston SC 29405,North Charleston
"North Charleston,",North Charleston
"North Charleston, SC 29406",North Charleston
North Mt. Pleasant,Mount Pleasant
North charleston,North Charleston
OKATIE,Okatie
Oak Island,Oak Island
Okatie,Okatie
"Okatie, SC",Okatie
Orangeburg,Orangeburg
Pawleys Island,Pawleys Island
Pineville,Pineville
"Pleasant, SC 29466",Mount Pleasant
Ravenel,Ravenel
"Ravenel,",Ravenel
"Rd Hollywood,",Hollywood
Reevesville,Reevesville
Ridgeville,Ridgeville
Roud O,Round O
Round O,Round O
Round O 29474,Round O
Ruffin,Ruffin
Ruffin SC,Ruffin
SC,
SC 29407,West Ashley
SC 29412,James Island
SC 29414,West Ashley
SEabrook,Seabrook Island
SOUTHBURY,Southbury
SUMMERVILLE,Summerville
Saint Stephen,St Stephen
Savannah,Savannah
Sc 29403,CHARLESTON_NEEDS_ZIP
Sea Island Estates Dr,
Seabroock island,Seabrook Island
Seabrook,Seabrook Island
Seabrook (not an island close to Beauford),Seabrook Island
Seabrook Isl,Seabrook Island
Seabrook Island,Seabrook Island
"Seabrook Island,",Seabrook Island
"Seabrook Island, SC",Seabrook Island
"Seabrook Island, SC 29455",Seabrook Island
Seabrook island,Seabrook Island
Smoaks,Smoaks
Spring Island,Spring Island
St Helena Island,St Helena Island
St Stephen,St Stephen
Sullivan's Island,Sullivan S Island
"Sullivan's Island,",Sullivan S Island
Sullivan`s Island,Sullivan S Island
Sullivans Island,Sullivan's Island
Sullivans island,Sullivan's Island
Sumerville,Summerville
Summerville,Summerville
"Summerville,",Summerville
"Summerville, SC 29485",Summerville
Sumter,Sumter
"Ulmer,",Ulmer
Vance,Vance
Varnville,Varnville
Wadmalaw,Wadmalaw Island
Wadmalaw Island,Wadmalaw Island
Wadmalaw island,Wadmalaw Island
"Wadmalaw,",Wadmalaw Island
Wadmalow,Wadmalaw Island
Wadmalow ilsand,Wadmalaw Island
Wadmelow,Wadmalaw Island
Wadmelow Island,Wadmalaw Island
"Wadmelow, SC",Wadmalaw Island
Walterboro,Walterboro
Wando,Wando
West Ahsley,West Ashley
West Ashely next to downtown,West Ashley
West Ashey,West Ashley
West Ashle,West Ashley
West Ashley,West Ashley
West Ashley 29414,West Ashley
West ashley,West Ashley
Yamasee,Yamasee
Yonges Island,Yonges Island
charleston,CHARLESTON_NEEDS_ZIP
daniel island,Daniel Island
edisto island,Edisto Island
elloree,Elloree
folly beach,James Island
hilton head,Hilton Head Island
hollywood,Hollywood
isle of palms,Isle of Palms
james island,James Island
john Island,Johns Island
johns Island,Johns Island
johns island,Johns Island
kiawah,Kiawah Island
ladson,Ladson
mount pleasant,Mount Pleasant
mt pleasant,Mount Pleasant
north charleston,North Charleston
ravenel,Ravenel
sc 29941,
seabrook,Seabrook Island
seabrook island,Seabrook Island
summerville,Summerville
wadmalow,Wadmalaw Island
walterboro,Walterboro
west ashley,West Ashley
yonges,Yonges Island
